"reviewId","userName","userImage","content","score","thumbsUpCount","reviewCreatedVersion","at","replyContent","repliedAt","appVersion"
"c6d4eeea-6735-485a-b51f-8f0f2a10b8ac","Fitri Tasya","https://play-lh.googleusercontent.com/a/ACg8ocJupAiZ21uqtjUcAR9zgW5MOPkqhJx41yaV0s9zs3pvFrtLNg=mo","Keren","5","0","2.24.8.85","2024-04-28 18:59:21","","","2.24.8.85"
"640da766-28c9-46c0-970f-6ef23744bc3b","Tri Pwrs28","https://play-lh.googleusercontent.com/a/ACg8ocLcf6hvVJgd8mULEuXmAH0pHsroBX4Pkol6eMCbDHQZnJPR-A=mo","Terima foto yang bukan HD jadi buram gambarnya.","3","0","2.24.8.85","2024-04-28 18:58:19","","","2.24.8.85"
"bfb0d686-b6b3-4a22-b1a4-660eedda178b","Yanto Santoso","https://play-lh.googleusercontent.com/a/ACg8ocJEJEJeZJwTaUPD5SyT9lqcq28NleXsmNKXxE4f5yq_xT3xvg=mo","Sy suka merantau","3","0","2.24.6.77","2024-04-28 18:55:35","","","2.24.6.77"
"36ae0c1c-80ff-4b93-a21a-732e8a26491d","Arya Jelambar","https://play-lh.googleusercontent.com/a/ACg8ocJIjr6bQPZvAENrOenb9k1SMsA29dWCeG99w-Y9vy_JwwJXuA=mo","Kok Sya Gabisa Bru wa ka","5","0","2.24.8.85","2024-04-28 18:50:01","","","2.24.8.85"
"2686bd61-1f75-44a6-b897-14767e800200","Parmi Lala","https://play-lh.googleusercontent.com/a/ACg8ocLLz-4KUz2_UFhu5BK4iLdnoVT6R2YUTiiGy41RnWRfBvPF4w=mo","Sangat baik","5","0","2.24.8.85","2024-04-28 18:48:26","","","2.24.8.85"
"cff04d1f-58d5-44ff-a3b5-80235bb95cd7","Ahmad Riyanto","https://play-lh.googleusercontent.com/a/ACg8ocJgWY3FXQyByk1Mk_Dxag2YtAb1uUp6ApRXFbQ1h98hdwzHfA=mo","Napa WA aku ini","1","0","2.24.8.85","2024-04-28 18:47:22","","","2.24.8.85"
"e23c1642-f1bf-4ebb-8f91-eca50ab79f50","Agus Setya 27P","https://play-lh.googleusercontent.com/a/ACg8ocIb6gZv6_hKGsOqVeP1nWtH_-qYs3MoWjb2PhC2H5ZRmsQc-Q=mo","Good job üôè","5","0","2.24.1.78","2024-04-28 18:45:01","","","2.24.1.78"
"89c2709f-8ff1-4993-9f11-d82033004cd4","Dia Ginting","https://play-lh.googleusercontent.com/a/ACg8ocKq1YvgedlD7u25cBqf6axUA-ihpaALNf4_S-Wb7hAnENBc2A=mo","Baik","5","0","2.24.8.85","2024-04-28 18:43:49","","","2.24.8.85"
"02299e37-8b2a-4346-8b5e-9762d4d75508","Syarifudin Udin","https://play-lh.googleusercontent.com/a/ACg8ocJ-OxkFa8JN9HZyciP2W9N5R-lnlU04NF-AXHOOn0CY1dpz3Q=mo","Juhhhh","5","0","2.24.8.85","2024-04-28 18:40:29","","","2.24.8.85"
"de0ccf78-c43d-43c9-9391-e3ae1a8fe1e8","Jomblo Keren","https://play-lh.googleusercontent.com/a/ACg8ocK7DaQlQ16xeQx-254G_kZ-EChNCocBeNqFc0BNZSgG9CACYg=mo","Ingin tampilkan lagi whatsApp","5","0","2.24.8.85","2024-04-28 18:39:59","","","2.24.8.85"
"04e140a7-7ab7-42c9-a354-a3cf43a4fd5a","Putra Oleng","https://play-lh.googleusercontent.com/a/ACg8ocLTJBJTF4lvzuRVz7sXT_5DITDqJt_bh_NV4b6EsJdw0BG9dA=mo","Ok","5","0","2.24.8.85","2024-04-28 18:39:07","","","2.24.8.85"
"38dd58d7-5908-4bd1-982b-a97ae3153b33","Bani Riza","https://play-lh.googleusercontent.com/a/ACg8ocIoz6r6-DtTCT4TWEf1l1JfoRLx4ItXba61czOg1uXKoErAgw=mo","Baik","5","0","","2024-04-28 18:35:42","","",""
"453b1299-c403-4fa3-bf3d-0014163f481d","Renaldi Hidayat","https://play-lh.googleusercontent.com/a-/ALV-UjV9o9CWOQnFJNFinLDI2K7hZoYXBORXEa040o-9llwDR9MlkcCJ","ga jelas!!!! skrg status wa orang-orang ngacak, ga sesuai dengan pembaruan status yang baru","1","0","2.24.8.85","2024-04-28 18:33:30","","","2.24.8.85"
"ba5d56f8-c77b-4d63-827d-cb83683be193","Andri Lehang","https://play-lh.googleusercontent.com/a/ACg8ocIDnO1saJa6FOg6s93k3NexBKpVckq5pv7fdy4J7MHYmWXSwg=mo","Frangkyrumondor","5","0","2.24.8.85","2024-04-28 18:27:32","","","2.24.8.85"
"38e0b1b8-03a3-4511-b5d1-a08e13bb8bcf","Mass Loress","https://play-lh.googleusercontent.com/a/ACg8ocLEkWhIUJow4wdjBQL1kwCawclKtlSuDO60aHKuueb1XRM5JA=mo","Knpa Tdak Bisa Update","1","0","2.24.3.81","2024-04-28 18:24:45","","","2.24.3.81"
"d2c8a2ec-517b-489e-9182-db4aea50558a","Rizal Story","https://play-lh.googleusercontent.com/a-/ALV-UjWGLGC8-8SK_NCc6KcYwOsKxcZLiSuqrcWNv_OnUAJnvjoXcVXO","kwalitas status vidio jelek","1","0","2.24.8.85","2024-04-28 18:21:24","","","2.24.8.85"
"5807d8db-29d9-4817-bb75-f407963ceb61","Radit Prayoga","https://play-lh.googleusercontent.com/a/ACg8ocKK2zvg6xf2UXrQWHX4bQrIirTcQ7Cuz9cMJAQYDa1l7gVnQQ=mo","Baik","5","0","2.24.8.85","2024-04-28 18:18:35","","","2.24.8.85"
"23a78163-e88b-4c2a-8553-87006a3530df","Dika Muhamad","https://play-lh.googleusercontent.com/a/ACg8ocJ1RCM5WYlz1HmZf7M8-I2xSiFArvrrw_RZpHqdG5skjEZg4g=mo","Saya membuat status tapi tidak terkirim","1","0","","2024-04-28 18:15:40","","",""
"a2c3ecd0-0a72-4908-855e-82372d32c29c","Joni Saputra","https://play-lh.googleusercontent.com/a-/ALV-UjXUuc9laIN1eyWgyvIMIwoYCZ0acujxWx7sptphcStGbvTh4WU","Aplikasi nya buruk,masak iya akun saya keluar sendiri,minta kode verifikasi dan lain"" versi 2 langkah lah, sedang kan saya tidak ada bikin pin WhatsApp,siap itu nunggu lagi ngak ada juga kode verifikasi nya sampe 12 jam","1","0","2.24.8.85","2024-04-28 18:13:33","","","2.24.8.85"
"e5ba35a1-2149-4a58-82cb-1510f2092bcb","Abdul Wakid","https://play-lh.googleusercontent.com/a/ACg8ocIh4nVPjO8_ZaGs49WT4Gi4gJTfMkyM7oz4JpgmrnujXXUZ1w=mo","Hp saya kena spam terus,,, terimakasih","5","0","2.24.8.85","2024-04-28 18:09:04","","","2.24.8.85"
"0e5987c1-4a40-4f7d-a858-ef7a7e020e92","Dedi Wancono","https://play-lh.googleusercontent.com/a/ACg8ocIOPMtpw80Qrd6cCdOLYiLZUPcYflxsYCOr2QOa-jx-d4txBA=mo","Siip..","5","0","2.24.8.85","2024-04-28 18:03:38","","","2.24.8.85"
"3e7b6f9f-d4c0-4e3f-86e0-219dd8290dbf","Bapakku ‚ÄúANDI‚Äù Andilaoli","https://play-lh.googleusercontent.com/a-/ALV-UjVBzvsFf9E2LPA7To_2GBjfP7lj9ZtcqYKBoBwa9JhYoRsnWz4","ANDI LAOLI","4","0","2.24.8.85","2024-04-28 18:01:53","","","2.24.8.85"
"b1e28a15-8f21-4514-b303-7e7166f3f917","Yurri Vanessa","https://play-lh.googleusercontent.com/a/ACg8ocKpcrIooVGmDq90yh3xhN43lNAoGARxKfo-x6KKCHqTTgflAg=mo","Bagus","5","0","2.24.8.85","2024-04-28 18:01:25","","","2.24.8.85"
"1abf741d-83dc-4622-a107-992a04ceafdb","jalu wicaksana","https://play-lh.googleusercontent.com/a/ACg8ocJIIOYlGWPCboYwCCTjmGFYcRCehIMskO7oxtwijdyu7caJQg=mo","fitur batu belum muncul di perangkat saya","5","0","2.24.8.85","2024-04-28 18:00:39","","","2.24.8.85"
"a03fe26e-8b37-41e2-a070-3094f80b26a2","Suwandi Lahat","https://play-lh.googleusercontent.com/a-/ALV-UjXwNeN3lIaD68c8oymnXAW6x5Hw5DIyFyjB0o8rCd2HQPUqEuY","Slamet","5","0","2.24.8.85","2024-04-28 18:00:11","","","2.24.8.85"
"a7872213-6036-46c1-b9de-8b3695a4db82","Ahmad Lois","https://play-lh.googleusercontent.com/a-/ALV-UjU7ZC8259U6pe_rT7GEiXIVaaneTiHdEvgJKEAyy-8-ChnPwNY","NuhAhmad","5","0","2.24.8.81","2024-04-28 17:56:14","","","2.24.8.81"
"2942f6dc-0240-4ac8-b02e-7dabcfa67c74","Eric Saja","https://play-lh.googleusercontent.com/a-/ALV-UjVWQ7P9VV9A46r7urqThyDgf-LiZZY2xq0iwtDtNn_UpoUbjQRd","Setelah di update knp jd ngk bisa liat kapan dan jam brp orng buat status jadi bingung jam dan tanggl nya ngk kliatan","3","0","2.24.8.85","2024-04-28 17:53:18","","","2.24.8.85"
"de8c024f-9991-413d-844d-f2967a4d0c48","Google Pixeltes","https://play-lh.googleusercontent.com/a-/ALV-UjUtOxU7OBaq3V9gSr97bWsGyYa7O3QDnb0-xXOwXe-BaBRK9uKd","Gak jelas banget tiba tiba keluar sendiri terus muncul akun di banned padahal gak ngapa - ngapain","1","0","2.24.8.85","2024-04-28 17:52:16","","","2.24.8.85"
"906e80dc-12c5-4735-bece-a94e43195467","Puti","https://play-lh.googleusercontent.com/a/ACg8ocJC9G1ZXyNTHkn0l0e-CkHbp7BGH1IaaFcDp8FbaBYU7E6FLMQ=mo","wa nya makin di update makin banyak bug nya anjay uda min gausa di rubah"" lagi sekarang perbaiki bug/error masa ngeliat status temen uda di liat ga ada status nya padahal di wa temen ku belom di hapus status nya","3","5","2.24.8.85","2024-04-28 17:50:58","","","2.24.8.85"
"4dc50552-de2c-444b-9747-72350e895c10","Dina Ning","https://play-lh.googleusercontent.com/a/ACg8ocIcrjgaqpVWYMpbOnpV5Qv89XXxidOA5Zgv2KWDdz9UyENCTw=mo","üëçüëçüëç","5","0","","2024-04-28 17:45:00","","",""
"c9ffe0ac-16ce-4f1d-9f09-b262d1a69c99","Kohar Udin","https://play-lh.googleusercontent.com/a/ACg8ocK_z2mcEeFbwysYbGonc7MX2IPtVPLow5kqjs7_K0icJa0UIg=mo","kode verifikasi","5","0","2.24.8.85","2024-04-28 17:45:00","","","2.24.8.85"
"8118f1f0-b8b3-4448-8b8b-538f59589892","Radit Tia","https://play-lh.googleusercontent.com/a/ACg8ocKt3uHWKvmYWAVxZDE_-Osq6O2A2dtu4N-qIG9JWesTFmd3hw=mo","Saya kecewa dengan whatsapp, padahal whatsapp biasa saja aada yang pakai untuk selingkuh, sekarang malah ada fitur ""kunci chat"" yang mana malah seolah mendukung untuk selingkuh, kalau gitu mending jadi aplikasi micet aja kak, kalau ga jadi yutub biru biar bisa mempersatu bangsa.","1","0","2.24.8.85","2024-04-28 17:44:01","","","2.24.8.85"
"1b2f742a-f073-459e-844f-4635f04d8dc5","Kusnanto Carmad","https://play-lh.googleusercontent.com/a/ACg8ocIOlnIGOGn27vvi-c8gbc66_4YGZr77K11Hwg_kDRt4Qq9mXw=mo","Cuman satu kata whatsApp ini sangat2 membantu","5","0","","2024-04-28 17:43:20","","",""
"9d1916b4-bd15-4414-a872-5bec769007db","Muhammad Ridhoii Saputraaa","https://play-lh.googleusercontent.com/a-/ALV-UjUi1wY4wYMrt-W91e-wZLFbQGUh1Jgn6B4lVcJVhWTjcqKUADIQ","Buat status wa kok suara nya hilang timbul gitu,apakah bug atau apa WhatsApp??","2","0","2.24.8.85","2024-04-28 17:42:44","","","2.24.8.85"
"f3520213-e12b-417c-85da-bd343c3c1384","DAFFA' fadhlur rohman","https://play-lh.googleusercontent.com/a-/ALV-UjWx7SxA-HRtWRASoy3EfBmACapv1URsqfHWRveCKu5lL8AZrkGF","tampilan terang (putih polos) terasa tidak nyaman bagi pengguna","1","0","2.24.8.85","2024-04-28 17:42:05","","","2.24.8.85"
"ebaff641-0bfb-4909-88b7-3dd68a78e673","Faisal Rambe","https://play-lh.googleusercontent.com/a/ACg8ocL6n8hjWCcI5zTYEH0OHUWLchjpMBMtrTxB5BSHNTLl9_Owrg=mo","Mantab","5","0","2.24.8.85","2024-04-28 17:41:03","","","2.24.8.85"
"8fbaa8ea-9455-46db-97b8-cd82b4311e85","entis Sutisna","https://play-lh.googleusercontent.com/a/ACg8ocIGZFiOc_9xSk8ExPDc1doKXqjuyRHObxBq4lypv4taaILsmw=mo","Sangat puas","5","0","2.24.8.85","2024-04-28 17:40:06","","","2.24.8.85"
"3a2dada1-9383-458e-8474-58e02405a9f8","Diyaan Lina","https://play-lh.googleusercontent.com/a-/ALV-UjX9v-aqyLhUc4Rwl5NJ7vyTDGxbCTNQN8MDvP_9f3A42ROAknI","Fitur pesan sementara eror","1","0","2.24.8.85","2024-04-28 17:39:24","","","2.24.8.85"
"9e678dbf-a4d2-4512-9c3a-e2f1aebcc8a3","Irwan Suprihartono","https://play-lh.googleusercontent.com/a-/ALV-UjWILP8amQBGXEjN47LmjMGAjifOzkWYuHoxmTxYFLw9ObbmS9k","Bagus selali","5","0","","2024-04-28 17:38:11","","",""
"3fdf0fe5-c2d0-4409-9c4e-bee3580b85b8","Nia Pakaya","https://play-lh.googleusercontent.com/a/ACg8ocKuT0fKuBVtu1t4USo1pNH3KYr6T90idIRD2kjuDQvdA68Sdg=mo","0p Ll9","5","0","2.24.3.81","2024-04-28 17:34:36","","","2.24.3.81"
"f1247c29-12dd-4974-af42-c424efb7993e","Billy Marsya","https://play-lh.googleusercontent.com/a-/ALV-UjVEimlkUKWEptx3oz9ow7l004567Wq1SBs9SlpN0XbsE95d0_3l","Selalu eror WhatsApp nya bisa di buka selalu egak guna","1","0","2.24.7.81","2024-04-28 17:33:23","","","2.24.7.81"
"eaf81055-b053-48c1-a333-396837e04e48","Restu Faturrahman","https://play-lh.googleusercontent.com/a-/ALV-UjX_AGtbjCvuU8AIS8Ep2tW2p93pAhJ9MLngS0HocWV4af_Dm9S0","Entah kenapa perkembangan aplikasi whatsapp sekarang malah mendukung orang untuk selingkuh , mohon di hapus untuk fitur kunci chat nya!!!","1","0","2.24.8.85","2024-04-28 17:31:39","","","2.24.8.85"
"49d7c8fb-1d59-4986-a308-afd4d96e24ea","Ari Ariansyah","https://play-lh.googleusercontent.com/a/ACg8ocIV3bcqK3ON78l5f14tMnTbhoDkSsGJsicXesHk_wmenmO05g=mo","saya membutuhkan whatsapp, namun akun saya slalu ada yg ngehack","4","0","2.24.8.85","2024-04-28 17:30:12","","","2.24.8.85"
"18709964-4c04-4638-bc71-19b2725471d5","Sisa sisa Perang teluk","https://play-lh.googleusercontent.com/a/ACg8ocJKFtR7WMdReq7k85sqMUQ3MXOwplhxDC5sUl_-04YRh_RRuw=mo","Wira swasta","2","0","2.24.8.85","2024-04-28 17:29:57","","","2.24.8.85"
"64b19122-88b2-4b97-bb35-bc49af00ca95","Semangat Pagi","https://play-lh.googleusercontent.com/a/ACg8ocJj47v7aa3Q-0EBcyWCZtMwlreWqoQNp33gXgGE9ggf5YLMdQ=mo","Wa sekarang bikin emosi centang 1 terus","1","0","2.24.8.85","2024-04-28 17:27:51","","","2.24.8.85"
"7664526c-234c-433c-a66d-cbbe46d6595c","Lisnawati Lewansol15","https://play-lh.googleusercontent.com/a/ACg8ocKcClD0x1vGna6qXYSC-8sOagRV2c12eRosBgxIItthuIyk4Q=mo","Senang bangat pake aplikasi ini","5","0","2.24.8.85","2024-04-28 17:26:27","","","2.24.8.85"
"b1d73161-b075-46ea-9a68-f031fa0572d8","Sigit Sugiarto","https://play-lh.googleusercontent.com/a/ACg8ocJH6YWVPO8W5ffny8ungYltjrHI8cFsmviaIrUaCwb3Y44oO-4=mo","Sangat membantu","5","0","2.24.8.85","2024-04-28 17:25:06","","","2.24.8.85"
"b0ac4709-3046-4013-8b02-c541d6960bbe","Arip Soleh","https://play-lh.googleusercontent.com/a/ACg8ocI2K4-pdVE57XtHLG4-f5YXp5E7kef6e6QQah9TL8iK-frc6Q=mo","Oke","5","0","2.24.7.81","2024-04-28 17:24:50","","","2.24.7.81"
"891dccb5-1756-41d4-b657-d3a6ab00e8e4","Febri anto","https://play-lh.googleusercontent.com/a/ACg8ocLU85Vj9P7UbFEyXky55mT37J8Q4fngI8fnAFxRm6mkwgjn0g=mo","Membuat status video slalu buram tidak akurat,tingkat ketololan aplikasi ini kelewatan begok","1","0","","2024-04-28 17:24:09","","",""
"29d0a5e1-cc34-48fa-bdc8-11cccd22542f","Nur Wani","https://play-lh.googleusercontent.com/a-/ALV-UjXVihY09h9V13f-VGkAEO20UD0tnwnhnLXQ2vjyNDOXLISvu90M","Sangat bermanfaat mudah berkomunikasi","4","0","2.24.8.85","2024-04-28 17:22:52","","","2.24.8.85"
"b0ccf050-aa37-4f46-a9e6-0c7eea3fc5bc","Yuliana Iran","https://play-lh.googleusercontent.com/a/ACg8ocIzrosQbwQdkuLdh-Onx5ZA7jLp6dQtjL2xg4vbsXeNFA4GsA=mo","Sangat bagus","5","0","2.24.5.76","2024-04-28 17:19:51","","","2.24.5.76"
"78cdce96-54f1-4371-a676-294e0c6b85ab","Febby Nuraini","https://play-lh.googleusercontent.com/a-/ALV-UjXW3a6uIGycbVv_aw7OOQs3kgGLDoMA-4WOe4WYV71DgT4CMChI","kenapa wa skrg kalau bikin status video atau hasil nya malah blur, dan story juga skrg cuma nama aja gada waktu jam menit nya. tolonglah upgrade lagi yaaa","2","0","2.24.8.85","2024-04-28 17:19:15","","","2.24.8.85"
"576a8f3d-1c72-4c8a-9890-b5fddc0c88d9","Ajik Mang","https://play-lh.googleusercontent.com/a-/ALV-UjW13tzef3WuIxtlJjCiU5rbjSlbUhXyo3PBcU6bLfD1XWbkZaI","Saya suka","5","0","2.24.8.85","2024-04-28 17:14:46","","","2.24.8.85"
"25775640-7859-4c1f-b7f0-8c10f6082853","sofian nur aji18","https://play-lh.googleusercontent.com/a/ACg8ocK28-Km2gKyt2fryCPzs-afdbF538vHtGyxQJBk9TDgQsok8g=mo","Aplikasi ini tidak bisa dilakukan untuk broadcast jualan ke nomor yg belum kita save dan pasti langsung ke ban karena spam, mohon di perbaiki agar WA bisa dibuat bekerja dan berjualan produk tanpa takut ke ban karna spam","1","0","","2024-04-28 17:12:58","","",""
"4aef6c58-e1df-4c5b-ae1b-ec2b7f991ac1","iin Saja","https://play-lh.googleusercontent.com/a/ACg8ocIQfw0Ku5GjKwJzQmUa5owbEAhuyKTC2p35uK64V2JSKA0AdA=mo","Mntap bgt","5","0","2.24.8.85","2024-04-28 17:09:31","","","2.24.8.85"
"a2723154-2ef4-4d11-8ada-1ea403b5d6cd","Bu Ainun","https://play-lh.googleusercontent.com/a/ACg8ocI4TOrMjCnPDE6TfR-9glGuCWTFSRRzvrRslsG7GOzABjPEwg=mo","Jualan","5","0","2.24.8.85","2024-04-28 17:08:27","","","2.24.8.85"
"7a938877-f62a-441e-89f0-174f311ea6b0","Riyan Putra","https://play-lh.googleusercontent.com/a-/ALV-UjUTH1fJ2zueme4WBKg1GI1Uh3uisBzHTfw6CWdxwJecb815VOM","Sudah bagus banget.. cuma masukan untuk status mohon di berikan waktu terbaru lagi","5","0","2.24.8.85","2024-04-28 17:07:03","","","2.24.8.85"
"06ac9b33-c06a-42c8-a909-b5b87ef538b4","Dedi Supriadi","https://play-lh.googleusercontent.com/a/ACg8ocJjLpp2ZlhJuyEVB1SYFJ9K_9ENdJPPB65gD1ufwqRjWPCYow=mo","kocak","1","0","2.22.22.80","2024-04-28 17:06:37","","","2.22.22.80"
"f3c46bde-cf17-445d-844f-8cd6fc83f254","Huhui Nweek","https://play-lh.googleusercontent.com/a/ACg8ocI5qPAMMpeUX2wPq8puLB_jgRKCZsMnMR4sFV7pz_ywSFws8w=mo","Bari petunjuk","5","0","2.24.8.85","2024-04-28 17:04:20","","","2.24.8.85"
"d9acc648-3467-458a-8e8b-65e3c289934d","Putri Fourtuna","https://play-lh.googleusercontent.com/a/ACg8ocJTi1lq3VHEAv4UIyyeAcjYiVWIX9aZ_QtUnFFWgcCb7swSSQ=mo","Good","5","0","2.24.8.85","2024-04-28 17:03:29","","","2.24.8.85"
"38eaf665-b9c2-4cbf-b484-3970c62fb1f3","Maslan Tambun","https://play-lh.googleusercontent.com/a/ACg8ocJ3g4MrPCzB69Zhx2HciX7Io8CDhpl1dDgMdk0IgvWJy5T-5Q=mo","Curiga","5","0","","2024-04-28 17:03:13","","",""
"6e20e9e2-e249-4a8f-8631-3d0b6ef50452","Yusuf Maubanu","https://play-lh.googleusercontent.com/a-/ALV-UjXgg_PjjcHpQjxEDdPI7T60uRtOU9_0AbEBLdS53xL8nbNrOXw","Bagus","5","0","2.24.8.85","2024-04-28 17:01:44","","","2.24.8.85"
"a432112f-0bb1-4b04-a8af-3b2f8a3f3c0f","Farhan Abqary","https://play-lh.googleusercontent.com/a-/ALV-UjUR-nMuA5MvIEs1kEn6lRoTd81HR3yQfxwrV_moGKfkUkAf7KI","Excuse me, why do business WhatsApp and regular WhatsApp always have bugs, for example when I want to add a logo sticker the stickers inside don't appear?","3","0","2.23.7.78","2024-04-28 17:00:37","","","2.23.7.78"
"1315c27a-0805-4fed-aee9-7e198fb3a398","Gugun Plk","https://play-lh.googleusercontent.com/a-/ALV-UjUI0plABnvsGsaa5iCin-zKvLT1W6KC7Y7m9hn_OL7UEIP3plM","üëçüëçüëç","5","0","2.24.8.85","2024-04-28 17:00:20","","","2.24.8.85"
"e890f35a-c469-44d0-ac84-fe2e765129d8","Mayang","https://play-lh.googleusercontent.com/a/ACg8ocKfGvL3oHa_lBbW45Ol5VwAu2zBPqRPuqt2G0jcXkZJB2ToKw=mo","Cinta banget sama whatsApp,, tapii tolongg jangan kebanyakan update yg ngga jelas yaaüòçü§©","5","0","","2024-04-28 16:57:27","","",""
"8fafc6d6-b5d7-4040-93c7-404e7cde813f","Surya Sahputra","https://play-lh.googleusercontent.com/a/ACg8ocLOxhZUTD9G_2d2DS6BBekkIQoR6A3rUUIja3A_N8KD0iNpTw=mo","More than betterü§™","5","0","2.24.8.85","2024-04-28 16:57:16","","","2.24.8.85"
"3ef907e1-6adb-4db5-a672-2f7a2d0fcad7","Melsy Apri","https://play-lh.googleusercontent.com/a-/ALV-UjVbT6k8zpVM2q8VMe3TFFnSBkP2YzsoR8dbTctMdXbJkVF_Gzvi","Whatsapp sangat menggangu jalannya permainan, keselnya kalau lagi bermain game online tiba-tiba ada notifikasi chat dari group masuk yang kerap kali memuat data laporan dari Whatsapp dan merusak jalan permainan game, sehingga terjadi crash. seperti prosesor rusak. tolong tambah fitur mode pesawat pada Whatsapp. ketika sedang bermain game bisa mode pesawat. setelah di copot masalah hilang.","1","3","2.23.14.79","2024-04-28 16:57:13","","","2.23.14.79"
"27b6d63b-6997-4cbb-be4b-ba221506dfe6","Mohtarom Tarom","https://play-lh.googleusercontent.com/a/ACg8ocKlB4gkt90dLwQemY54NrRD6i3m_w62VLu_-9d7hEtUsBbnuA=mo","Kenapa whatsAPP akhir""ini sering eror kaya sekarang ini gak bisa dipakai harus nunggu 24 jam baru daftar lagi baru bisa dipakai. Katanya ada ulasan peninjauan dan aktivitas .sebelumnya dak pernah ada masalah kaya gini.","4","0","2.24.8.85","2024-04-28 16:57:07","","","2.24.8.85"
"87a1b59f-4b0c-44db-b318-0116c72f0429","Daun Kangkung","https://play-lh.googleusercontent.com/a/ACg8ocKrxkx2NCRGcMwg3Zw2nCpTsG_ygOd1dbzpLPyNnFlyjHyiYw=mo","Mantap","5","0","2.24.7.81","2024-04-28 16:56:47","","","2.24.7.81"
"425b2bed-8902-4e80-a9d5-12f716d05eb3","Judin Hasan","https://play-lh.googleusercontent.com/a-/ALV-UjVNl8HDi1XrLnSathcaUQEGrX5plADENLx4am0Yg3ODJaalswQ","sangat membantu komunikasi","5","0","2.24.8.85","2024-04-28 16:56:29","","","2.24.8.85"
"69c0ee7f-105e-4607-bcd8-ccf34b1e97a5","Arif 12","https://play-lh.googleusercontent.com/a/ACg8ocJVOyZ3-HCCi9gDqixSgQXVbQQ71IRHkBHd_FbnOnEBgSb5aw=mo","93102 0 /# a","3","0","2.24.8.85","2024-04-28 16:54:16","","","2.24.8.85"
"d3dcd50d-b42b-4e5c-a54c-93c05d45bd4d","≈æƒ•√¢M","https://play-lh.googleusercontent.com/a-/ALV-UjXqSaX2CoAvJG7YewnIa4SJ-4i8ESGSXa2SjNzLoKa0RL5MyBmy","ok","5","0","2.24.8.85","2024-04-28 16:53:44","","","2.24.8.85"
"7176a403-e78d-47ea-964b-3f754b8fbde7","Haryono Dermawan","https://play-lh.googleusercontent.com/a-/ALV-UjXxs7UR3_SDKpVALlac-_IaWwstKehZHbhecpdQTMQzsrD45uk","Bagus","5","0","","2024-04-28 16:50:50","","",""
"0341a6de-be2e-4654-b88b-119a7720255f","Yohana Hana","https://play-lh.googleusercontent.com/a/ACg8ocLHdsAsM8ZIcb1QfiwymKguaXhokKG1RQXRUxpGd3HhGZH4rw=mo","Aplikasi kalian gak jelas, tolong hapus data2 saya, jgn sampai kalian salah guna kan data saya!!","2","0","2.24.8.85","2024-04-28 16:48:54","","","2.24.8.85"
"c83a4079-352c-49e6-ab4a-1aaf1ae34424","jack sparta (jack)","https://play-lh.googleusercontent.com/a/ACg8ocIK5Jc1XclqA3sS2OBF3td6inzRhSi1Zw9PBbXxqYvDng109g=mo","sering di bajak orang","5","0","2.24.8.85","2024-04-28 16:48:18","","","2.24.8.85"
"2e8ca150-5310-4945-8eed-eefc3ea72fe2","Aceng Mlehoyy","https://play-lh.googleusercontent.com/a/ACg8ocIZJf7MuGMvwEcNcLbMykzP_ROfq0Ae2Wb5kJNCjVs_XAis2A=mo","aplikasi nya bagus........bagusin terus","5","0","2.24.8.85","2024-04-28 16:47:29","","","2.24.8.85"
"ee6da3f0-ed1f-4a6e-ab4a-9130bfc665b7","Bambang Wibowo","https://play-lh.googleusercontent.com/a/ACg8ocKb0kNW8irqTYVlnt1mfJnrCtvq4S5qcHWuvW_UgauAzlv8=mo","Mohon wa nya diaktifkan","4","0","","2024-04-28 16:47:01","","",""
"10c116ae-d2e9-4cab-8b1c-db904070d429","El hafiz","https://play-lh.googleusercontent.com/a-/ALV-UjX7FI7wIQCv8I0CbzvozCj6Vs8cWnycHdB8xXWgy-24GIltRu8","Tolong perbaiki dri hal kecil Lbh dahulu, saya agak risih saat men auplod status wa dri yng awalnya jernih tiba¬≤ otomatis nge blur dn itu cukup mengganggu, juga knp wa semakin di upgrade mlh makin bnyk yg erorr, sangat mengecewakan","4","4","2.24.8.85","2024-04-28 16:46:40","","","2.24.8.85"
"8e71e7a9-6ea4-47d5-8dc0-af17bc2d8906","Ariel Koto","https://play-lh.googleusercontent.com/a-/ALV-UjUppyrTyzqhzTyt7Pj2R6dr-M7RqCUexp3wrFSQMV_aCN-6nzg","Aril koto","5","0","","2024-04-28 16:46:31","","",""
"9aea5f51-b7dc-4bdb-8f0a-4a97ca2864a2","Ropi Bta","https://play-lh.googleusercontent.com/a/ACg8ocIjXdlQTZKMbzTKnEXYlEU7ZvuuJweNl60lPlxOoR-B_uqTfg=mo","Tolong buka kan WhatsApp saya","5","0","2.24.8.85","2024-04-28 16:46:18","","","2.24.8.85"
"8a7f18cb-cd6a-40cd-994f-3877bb4dd9e6","Nyoman Mariani","https://play-lh.googleusercontent.com/a/ACg8ocLNMq_NTdjPj7E5Gj_hVR0m5hWb5XAyjzVD84dfPIIhm-s4=mo","Mantpp","5","0","2.24.8.85","2024-04-28 16:44:45","","","2.24.8.85"
"f29c62f3-9262-4a3a-807d-910e8c6d7184","egy Moto06","https://play-lh.googleusercontent.com/a/ACg8ocLAbeHhN72zerKTktnkAy-5lJRtt98ksA08NBQJQ31nETpH-Q=mo","Keren","5","0","2.24.8.85","2024-04-28 16:43:27","","","2.24.8.85"
"ab383950-5f9c-40fd-9297-a0b164a2445f","Reva Alan Putra","https://play-lh.googleusercontent.com/a-/ALV-UjVkE7x_9-NyZlURe-GmgmVg7Z6JdlMT6fhojYwBHL4irEGsKpPJ","Video call di wa kok makan banyak paket data sekarang min?","3","0","2.24.8.85","2024-04-28 16:42:27","","","2.24.8.85"
"48673dd5-b049-4791-9265-e037b4f46698","Yudi s Santoso","https://play-lh.googleusercontent.com/a/ACg8ocJqNsF7kY0fR1ry-jFFbn7syWRFOVctLfS4ZS_uTIOJEJdnrg=mo","Pernah kesasar dihitan 3 hrv 3 Mlm","5","0","2.24.8.85","2024-04-28 16:42:05","","","2.24.8.85"
"9236cd03-691a-43cb-bf54-fd5d43a615e7","Fikriagia Nugraha","https://play-lh.googleusercontent.com/a/ACg8ocJkDjpujlshlkSTEZuMAI6mB1IAzXy91LhNulVbSeztDmQ5vg=mo","Untuk pengembang whatsApp, kalo bisa ditambah fitur keluarkan peserta di panggilan","4","0","2.24.8.85","2024-04-28 16:41:30","","","2.24.8.85"
"4e7830c4-0d6f-49da-ab4f-2245bdca8edb","Al Vano","https://play-lh.googleusercontent.com/a/ACg8ocIk40xoqZmJAZcBSfcahrErWyPVGx9EXjM4ymvSot0VofUCCg=mo","Afrikan wa","3","0","","2024-04-28 16:41:19","","",""
"6528cad7-88fb-4d8a-8b9d-2241756de3d0","Saja Bayang","https://play-lh.googleusercontent.com/a/ACg8ocJzI_f8gT1gtvr3N55KYO2-O7suUtLseO7ke2J3FiR4ZLiZpw=mo","lumayan","4","0","2.24.8.85","2024-04-28 16:39:23","","","2.24.8.85"
"0e95726d-a702-4def-b336-9f3fcf3dbb06","Dinda","https://play-lh.googleusercontent.com/a/ACg8ocKjK-iLyxsakPnvTGMxSDuXtUvOPI-ZAuwiXmT0IS6YAxWzFw=mo","Min kapan sediain fitur nonaktifkan akun Min, kyk instagram Min. Mohon disediakan ya min. Soalnya terkadang malas aja main WA Min malas diganggu sm org¬≤ .. Minta tolong sediain ya min Makasih banyak‚ô°¬¥ÔΩ•·¥óÔΩ•`‚ô°","5","0","","2024-04-28 16:37:38","","",""
"191275c3-4e7e-4df4-95f3-4dbfdd2538f9","Adeh_setiawan_husain 2014","https://play-lh.googleusercontent.com/a-/ALV-UjU-ZoW7JuFQasc1ZM_OMMRPx4dD1f71Fg-VO8OEx4xJHdZIK52N","Alhamdulillah..","5","0","2.24.8.85","2024-04-28 16:37:08","","","2.24.8.85"
"3888f6ea-a957-4718-8ecf-8b7ab8ecd482","Luki Triandrianto","https://play-lh.googleusercontent.com/a/ACg8ocK7YxyumpclnQ8btD-MeeKrLYOEBbQZ-0VzA69V_rdqLbzZyg=mo","Maen blokir aja sih buat apa ngadain whatsapp kalo tidak bisa di pake min terimakasih","1","0","2.24.8.85","2024-04-28 16:36:21","","","2.24.8.85"
"8cfb527a-8a5c-490e-b401-496681246c68","Ajeng Agustinn","https://play-lh.googleusercontent.com/a-/ALV-UjUZsz8UEjrJ159bdQi-kOcPr6SSMDKh6D9aHNb939dpbbQhTS0w","mantap","4","0","2.24.9.15","2024-04-28 16:35:58","","","2.24.9.15"
"8fe7dd6c-f559-40ec-8cdf-541fc2e62046","Sartim Sartim","https://play-lh.googleusercontent.com/a/ACg8ocLESmcGhks6WCQVHm3dsIhFFAQeRQ1S0j8Z1x0WakEo4GHFcQ=mo","Kurang bgus","3","0","2.24.8.85","2024-04-28 16:35:30","","","2.24.8.85"
"5b786dde-6013-48c4-be31-0756d3c743eb","Reyvan hayatul Jeni","https://play-lh.googleusercontent.com/a-/ALV-UjXULBICLyZzTsBKse87bzAACp6K8vvB9zbQXi1VAKpCUc62R8c","Gua udah jelas jelas gunain wa resmi dari play store dibilang ngk Resmi terus disuruh download ulang pas di download ulang malah sama aja!!","1","0","2.24.8.85","2024-04-28 16:34:53","","","2.24.8.85"
"c6f8adc5-e0de-4163-b678-3a6465492e54","Mas Hendriyan","https://play-lh.googleusercontent.com/a/ACg8ocI3z4Vg83HftcdiFoM4iNbtbfeniAvB4j63U8AroI8nbw5frg=mo","jgn bnyak iklan buaat aja originaltnpa ade canel iklan","5","0","2.24.3.81","2024-04-28 16:30:27","","","2.24.3.81"
"7ad7df83-4476-40e7-bc35-a56f9b071c92","Safira Nurul Zamani","https://play-lh.googleusercontent.com/a-/ALV-UjUFArB9l7XoOHCN3JtifusPgyg31T1oMFu7MDSwKKSji2kUhYd9Og","Setiap kirim foto atau video di status selalu di kompres, jadinya kualitas foto/video yg awalnya hd jadi buram","3","0","2.20.201.19","2024-04-28 16:29:52","","","2.20.201.19"
"f3e86e0d-7d4e-4474-8aca-ed48ddca2d44","Nirmala Bahagia","https://play-lh.googleusercontent.com/a/ACg8ocL1ucANl70QTc_-jC41SiNh08w95PpGxwWRiTAb-1u0GuPsSg=mo","üòÑüëç","5","0","2.24.5.76","2024-04-28 16:25:16","","","2.24.5.76"
"b1f735ef-ff3e-44f7-a542-e06feb6d4c46","Ingras Suhestiasa","https://play-lh.googleusercontent.com/a/ACg8ocLkvPjrBFTDanyqXpwCy4rBmlZHJ7OYUV8WNCxT8p5uo6576g=mo","Bguss","5","0","2.24.6.77","2024-04-28 16:24:54","","","2.24.6.77"
"f8269327-3c06-43b6-92d4-50445984d48d","Sar Minah","https://play-lh.googleusercontent.com/a/ACg8ocKLPAplRXS9SJph8noYoHTrk0-qQhKugrxWGqAwETLJjcPlWg=mo","Iya","5","0","","2024-04-28 16:24:36","","",""
"8f5c3862-e5bf-4bfc-8792-be2c2aada972","Meillisyah putry","https://play-lh.googleusercontent.com/a-/ALV-UjVADeMo90dRgIgbzQT6Vt-Yy8d0o_QUl-zpFndKIj2IE0EB0Pm6","Aku sangat senang dgan aplikasi ini","5","0","2.24.2.76","2024-04-28 16:23:39","","","2.24.2.76"
"9654a7c2-c334-4f64-a17e-846dc70b7778","Hamran Ambo Saro","https://play-lh.googleusercontent.com/a-/ALV-UjXNg2GU_J5TjR1QM2hal0LOxWbNIUBk18C518MmQrzVlB7bHDQk","Sangat membantu","4","0","2.24.8.85","2024-04-28 16:22:24","","","2.24.8.85"
"16b4710a-7899-4d07-8cc8-67258faf67b0","Yuspuri","https://play-lh.googleusercontent.com/a/ACg8ocL6Qk9B8lbOrBIUrbT65X4Qebvzqe8blPu35F6NJaPmuFg3wg=mo","Seandainya","1","0","2.24.8.85","2024-04-28 16:22:02","","","2.24.8.85"
"98ce8bac-2af2-4216-9f44-9ef868c1e26a","dian sukma","https://play-lh.googleusercontent.com/a/ACg8ocJq5GuRFW-5zBG5P1mxsfJn6dMoNuRZ94kKKSSrNTUO8dMXFg=mo","saya sudah menggunakan whatsap resmi. kenapa tidak bisa daftar.ada pemberitahuan harus menggunakan whatsap resmi?","1","0","2.24.8.85","2024-04-28 16:21:11","","","2.24.8.85"
"1e19c84f-d118-4152-9a77-a264bcb7dddb","Khai Hamid","https://play-lh.googleusercontent.com/a/ACg8ocLX7uq6UM7W7ZMbaueykSanWCQSI-WndedYYoUBVLU8-BHvCQ=mo","sapar","3","0","","2024-04-28 16:20:12","","",""
"dd629994-7980-4138-a218-c0e89fc75e28","Iman Kiswanto","https://play-lh.googleusercontent.com/a-/ALV-UjWBJzfZd8g4Tq4d7By1-gqe82YDOsNEKSdQdC7D9CmEb-srwfc","Okeh","5","0","2.24.2.76","2024-04-28 16:18:39","","","2.24.2.76"
"2ef4ba3e-771f-4fc4-93f2-0328e9ccdb4f","Axel Teach","https://play-lh.googleusercontent.com/a-/ALV-UjX311laiY_XtGdOUnku0RfnsVjewr8Dv4kz1ey0Q6nvt-AhYHMd","Lebih keren yg dulu","3","0","2.23.12.78","2024-04-28 16:17:35","","","2.23.12.78"
"f5423b08-3fe5-4e58-ba31-72c625cf0467","Giska Najma","https://play-lh.googleusercontent.com/a-/ALV-UjXS7xaT2qANXELYxyewMVJLCPyMGrQ5eh265j1KAMikz0FsfoA","Udah beberapa bulan ini deskripsi di grup tidak ada. Tapi di wa teman¬≤ saya ada deskripsi grup nya.","4","0","2.24.8.85","2024-04-28 16:17:17","","","2.24.8.85"
"bfaee274-3952-4a92-82fc-12487584848e","Andre Nugraha","https://play-lh.googleusercontent.com/a/ACg8ocKSwU9-NlHN9tcygexKX9I5mlcQcTtuIVmNsUn_3Psb3tJCWw=mo","Bagus","5","0","2.24.8.85","2024-04-28 16:14:01","","","2.24.8.85"
"a4a53622-8c69-4c29-8925-d68e2ffdadfb","ARS channel","https://play-lh.googleusercontent.com/a-/ALV-UjWndF4FtcmyomoFRuTPD-PXUFUxqkep54xjGfzVFFk5q1kp8JWo","tolong tambahkan satu vitur di wa di ketika mengirim pesan arah bisa di lihat dan di baca dengan satu kali baca.seperti pengiriman poto dengan satu kali liat....begitu juga dengan pengiriman pesan...saya mau vitur itu di hadirkan .maka setelah itu ada.maka saya yakin..aplikasi ini mnjadi satu aplikasi terbaik dunia dengan kelengkapan keperluan manusia.semua tersedia........ *","4","39","2.24.8.85","2024-04-28 16:13:53","","","2.24.8.85"
"47cf922d-fd9b-4627-a685-98260afd32fc","edi sumardi","https://play-lh.googleusercontent.com/a/ACg8ocJ0dQx9lhWDDCRZ7HcGRJUWFwBYWtWRje283xOOTKMv_qnyWQ=mo","Bagus untuk membatu pengguna yang chat keluarga","5","1","2.24.8.85","2024-04-28 16:13:47","","","2.24.8.85"
"d010a898-1f2b-4325-8fb9-e0848affd506","Handika Dika","https://play-lh.googleusercontent.com/a-/ALV-UjUeuQPGLq105lrmdHJvvi5mX_0QKQs1c2Cd3E4KILDfe2e5h0qd","Terlalu banyak update","1","0","2.24.8.85","2024-04-28 16:12:01","","","2.24.8.85"
"74d01b19-f538-4661-a38c-f42df67d571b","Aenus surur","https://play-lh.googleusercontent.com/a-/ALV-UjXwBaaOi8xRq5o4JtDkgW4ZQ5djV8PdfdeGYCANr9jVVH61VDPp","So like this, meta, please fix the broken story, so please fix the story","1","0","2.24.8.85","2024-04-28 16:10:41","","","2.24.8.85"
"2a064aa4-55e8-440f-a331-c03d26160a59","Muhmmad Zaini","https://play-lh.googleusercontent.com/a/ACg8ocJYPSuXE8tJGju6GBYEeG2zETigi9MQl6vVsPrP-YmMaZMJFA=mo","Sangat bagus","5","0","","2024-04-28 16:08:27","","",""
"38aafce5-31cf-461b-ab87-30119a8c9650","Sarti Siama","https://play-lh.googleusercontent.com/a/ACg8ocK8bt4Goa86RzPjXsJlZONPL_QOCx_RMwwmdRKVwKBk5SkNqA=mo","Aman","5","0","2.24.2.76","2024-04-28 16:07:57","","","2.24.2.76"
"729b30d6-662d-4b3c-ba49-4823e11ffb34","Berko Ber","https://play-lh.googleusercontent.com/a/ACg8ocIwJpveeB8oLAO0aTU7FOWtObV77avDOOjTvvzA2cFl-ve3Yg=mo","Mengapa guah kasih bintang satu ka ada cewe yg ngecet","1","0","2.24.8.85","2024-04-28 16:06:43","","","2.24.8.85"
"ad0fdb28-7fc3-4479-8c86-48dd446883fa","Tatang supriyadi","https://play-lh.googleusercontent.com/a/ACg8ocLbR-7gtJ5j_PS2epbvVV43vBEF-1udGplFgx5NB6a87m_2IQ=mo","Kerja","5","0","2.24.6.77","2024-04-28 16:06:12","","","2.24.6.77"
"f8d7d674-1214-42f4-91ca-4d2843eabf09","Dhefitri yasmin Yashinta","https://play-lh.googleusercontent.com/a/ACg8ocLsbDJOO_jpfX2tEMyT9sZZrQznXzg0NgJKKYkDXgDA6i7bXeQ=mo","Nice","5","0","2.24.8.85","2024-04-28 16:05:56","","","2.24.8.85"
"c358c659-a8b2-4176-9e70-3966298de557","regita aprilia","https://play-lh.googleusercontent.com/a/ACg8ocK6bRQruMZBu4bDt6bmAPwmYv-93c0MNPAZ1OoTfHaiukk-IA=mo","apk mmk ganti nama kontak malah ilang ü§¨ü§¨ü§¨ü§¨ü§¨","5","0","2.24.8.85","2024-04-28 16:05:49","","","2.24.8.85"
"91a81a62-e2c9-4acf-be69-58572bfb679d","Bagus Maulana","https://play-lh.googleusercontent.com/a/ACg8ocK7ks-kpC7iDoVEn1H5s9328xg9YVFDL0FDoEUryH66pXAXxg=mo","Apk bagus","5","0","","2024-04-28 16:05:35","","",""
"0bad3bd4-956e-48db-9580-84e3ffa9852c","Putrajambak Putrajambak","https://play-lh.googleusercontent.com/a-/ALV-UjWXMXmsknVzPuOCp8VkW-gA7uuDv43vCtClIoaXIXGioWD97z4","Ok","5","0","2.24.8.85","2024-04-28 16:04:57","","","2.24.8.85"
"abf8ad6a-8f3a-4494-a98b-a8b9584c8407","Feldy dwi Afrian","https://play-lh.googleusercontent.com/a-/ALV-UjU37mYFHBz-bekGogH-erMiRlVjSjGKfzFWwRyBAvBGYA1mYYrs","Gw ga bisa buat stiker anjyyy","1","0","2.24.8.85","2024-04-28 16:04:47","","","2.24.8.85"
"7b395698-eb3d-4c1b-aaaa-ccee3d1c69c1","NurulHidayah Tullah","https://play-lh.googleusercontent.com/a/ACg8ocIJ_5G29n0v_Frfr4m6SeTstwbNaIMsqWl_ZB5oTwXIdGXNYQ=mo","Kenapa ya wa sekarang gk bisa kirim no ke wa orang dan masukkan no orang ke wa kita, padahal berkali-kali download tetap begitu bantu dong, WhatsApp saya berubah.","3","0","2.24.8.85","2024-04-28 16:02:47","","","2.24.8.85"
"e72d8dcb-a4f7-4acf-ae75-dcd4af764b1b","Herlina Naaa","https://play-lh.googleusercontent.com/a/ACg8ocLkIfs8ucJ6pPpB9FTSDix7_cxqiRmRsZuvL8Jqv858vmgk9Q=mo","Bagus","5","0","2.24.8.85","2024-04-28 16:02:29","","","2.24.8.85"
"ddbe1533-f2d1-4352-a8c8-f728e8db3b8c","Tini Agustin","https://play-lh.googleusercontent.com/a/ACg8ocKTXSsXoVq9xizVlKMHXn7ZN0OrHid-x2OKmtJl6IwztLiiQA=mo","Tini Agusustin","4","0","","2024-04-28 16:02:20","","",""
"d7938dbd-d565-46a6-8b3c-1009c31aecad","firdan kurnia","https://play-lh.googleusercontent.com/a/ACg8ocKotxty3m2VcIdJxlo3ue2zApMe5CGKdoO7HIckNCCnoHmiBQ=mo","Mudah dan cepat","4","0","2.24.8.85","2024-04-28 16:02:08","","","2.24.8.85"
"a4ef7136-609f-4c24-8df6-67c0cfd0d68a","Achmad Ubaydillah","https://play-lh.googleusercontent.com/a/ACg8ocK7M9hcYEyNY9SRkASciP37dol8as399j5PKpBrvQd2-jGeDg=mo","Mantap","5","0","2.24.8.85","2024-04-28 16:00:57","","","2.24.8.85"
"05d56456-293b-480e-8fdb-75f6bee88f2c","Sariman Sariman","https://play-lh.googleusercontent.com/a-/ALV-UjUMQYvEoE8TFpMnVs-8-VYLTxjK1yUfxH8NQy-oNgWGSy2ejMwM","Pas beralih akun toba tiba akun 1 kehapus njiir","3","0","2.24.8.85","2024-04-28 16:00:47","","","2.24.8.85"
"1f70a454-14a8-4f33-9e9d-6c1e33788092","M. Tegaradijaya","https://play-lh.googleusercontent.com/a-/ALV-UjVklrgGWOa7GlCSRrjKhlNHYKiQ-TOcQv_l7R3q8exeaR1NwT8","Sekarang Wa jadi agen VCS","1","0","","2024-04-28 15:59:58","","",""
"f4d8a501-6d7b-4c41-9a07-60f376ea4da7","Iyus Supriatna","https://play-lh.googleusercontent.com/a/ACg8ocIRUrIEsNguahP6V09n4k3HNhkQhKfyrXxRhzAobM66UOfs=mo","Baik lancar berkomunikasi","5","0","2.24.8.85","2024-04-28 15:59:49","","","2.24.8.85"
"215a4226-adea-4f6e-90c9-5df2039088ef","Sukis Madi","https://play-lh.googleusercontent.com/a/ACg8ocIkzxxF7FMMOii7XsnT0EU4Vv8ZJ3WcWkllG43w1HTz1tw53w=mo","Ok","5","0","2.24.8.85","2024-04-28 15:59:38","","","2.24.8.85"
"342fd435-ca31-430b-b68a-fc1608feb051","Aah Mam","https://play-lh.googleusercontent.com/a-/ALV-UjUmf-W0W-fxmZ0nmnMb7LE4zvkvKFhkiF9yT2iKrahj-k9-1q8","000√±b...y","3","0","2.24.5.76","2024-04-28 15:59:26","","","2.24.5.76"
"fd79dfdd-93e2-48cb-9009-6c682402285f","Bonad Nadi","https://play-lh.googleusercontent.com/a-/ALV-UjWpk0s5U2l69ri3Fk7j9i2vU5geyFPm6HlYcGlVEQ8DQExTBYvV","Bagus","5","0","2.24.8.85","2024-04-28 15:56:29","","","2.24.8.85"
"b874941e-4038-423a-911f-769bdff75698","Ilhamsyamsulwtp Ilhamsysul","https://play-lh.googleusercontent.com/a/ACg8ocIOwSMY2Jy0jtCbYt9fQa-OHVcZfgvIhnSVCMjVEsYPmsF_rg=mo","Aplikasi dah diinstal tp nomor g bs dipake di watshapp","5","0","2.24.8.85","2024-04-28 15:56:24","","","2.24.8.85"
"85e87019-6fa7-47b9-83bd-eadeef53867f","Rio Messi","https://play-lh.googleusercontent.com/a/ACg8ocKkLGnEc6HnfVAiuMg9xwxvgKKAN2ts3rUcZR3zomGNgQu8fLo=mo","whatsapp sering spam kartu lama bikin gak nyaman","1","0","2.24.7.81","2024-04-28 15:55:37","","","2.24.7.81"
"3a490757-fb53-41b4-ba4f-3f3fdd380855","M. Yusuf Afryantono","https://play-lh.googleusercontent.com/a/ACg8ocK2eBeontXlNEFvEzwhzB-QzzDFxreo94nbpN5Y-PZbWM9R7Q=mo","saat digunakan telpon suara selalu putus putus, notif juga sering tidak muncul, begitu pula notif telpon masuk tidak muncul, padahal sinyal bagus dan menggunakan wifi, harus membuka aplikasi terlebih dahulu agar notifikasi bisa masuk","1","0","2.23.3.77","2024-04-28 15:55:13","","","2.23.3.77"
"4a657c32-2759-44ce-a37e-020d0e04012b","Nanang Aja","https://play-lh.googleusercontent.com/a/ACg8ocKLvX3zwOxZFBppXxCQIo9z2UCgCPJ7cVoaOpX9yrMc1hCG2g=mo","Watsap saya sering di blok pahal saya tidak panah apa apa maklum sekolah kelas satu sd gak lulus mohon bantuan","5","0","","2024-04-28 15:54:38","","",""
"a0aa3b1b-d268-46af-a4c4-79635a0e8b00","Yadi P O M","https://play-lh.googleusercontent.com/a-/ALV-UjXAs2N0d9gBD299ZU1aS-oYKGgRDCkEbDg9kut6d02PWQJjrEk","Tiap kali buat status Video Kenapa berhenti di tengah tengah.?","5","0","2.24.8.85","2024-04-28 15:54:20","","","2.24.8.85"
"a2200d6a-aa8d-4b11-bfa5-75d974ff8dad","Kirana Kirana","https://play-lh.googleusercontent.com/a/ACg8ocIRmgONobFdnVcnUiSIICpgwJ2CqdJFuhm53K-ZptpbdEB79Q=mo","pliss wa adain private telepon hanya orang tertentu..kek fitur apk lain nyaa biar ga ada nomor asing telpon di waa","5","0","2.24.7.81","2024-04-28 15:54:06","","","2.24.7.81"
"546bf0bb-2b02-47f3-a8e2-ebb312d119d3","Danu eko Prasetio","https://play-lh.googleusercontent.com/a/ACg8ocJ2I9Q3OY9U53VYGhMQ_WFFBjo7ta_-UKj0ZleSxFxR-8tsPw=mo","Hapus aja fitur sekali lihat itu ga guna blas","1","0","2.24.8.85","2024-04-28 15:53:05","","","2.24.8.85"
"eaea3572-f12e-4b2c-8c5e-c91d151f6e87","Teeri Agustin","https://play-lh.googleusercontent.com/a/ACg8ocJFS1ObTr2mNvQladgajzHpXtDNAP5OyNGI5BAPFywdUb6LEA=mo","Whatsapp mudah menghubungi teman dan kerabat dimanapun","5","0","2.24.8.85","2024-04-28 15:52:36","","","2.24.8.85"
"0302e8d2-ee16-4534-9591-6c2600880d7c","Suwardi Wardi","https://play-lh.googleusercontent.com/a/ACg8ocIMa-Z1ZQgoLXvCwkPPSsOg0HKJin44UNvHTLAkiFh2ERZn3g=mo","Mantap kali","5","0","2.24.2.76","2024-04-28 15:51:54","","","2.24.2.76"
"21e07fa7-1897-43b8-a6df-1ebbc5caa35e","Ahmad Dhafi","https://play-lh.googleusercontent.com/a-/ALV-UjXEQN_w62p43Gktpi4aqTEWfmgbuRJEg26pZieLuonGEhoJVFw","Semoga mudah dan melancarkan segala macam urusan .. aamiin","5","0","2.24.7.81","2024-04-28 15:51:46","","","2.24.7.81"
"e4eba1a7-11d7-44f9-b6cf-1549c43f6d49","Achmad Anggara","https://play-lh.googleusercontent.com/a-/ALV-UjVHGwH-TZ_ychYId1FJJczUTU803BwcPI1z2ssFfzY3JOYA1pd6","Terimakasih WhatsApp sudah tambahkan sheet grup, tetapi masih ada sheet yang kurang yaitu sheet personal, untuk mengetahui siapa yang chat pribadi dengan kita, mohon kiranya ada update terbaru kedepannya","2","0","2.20.206.24","2024-04-28 15:51:23","","","2.20.206.24"
"c81f10f0-8b15-4b81-a87b-3c99cdcbdcb6","ASEP BALL","https://play-lh.googleusercontent.com/a-/ALV-UjUCmqagqa40CO2HnUP2srWP64WXU6bEiqorFFjv0ogpyY4aG_0Y","I give 1 star on WA because wa error Batuulaya basecamp phone is always out. Alone And also people come in and I go out myself. please allow it","1","0","2.24.8.85","2024-04-28 15:51:12","","","2.24.8.85"
"1997e163-46d0-4d3f-9786-aa8e50b01ee0","fahri hussaeni","https://play-lh.googleusercontent.com/a/ACg8ocK4VrbTYkXvv8FaI-IxcM-f5vP_ea-U-jpJQ5zMC54IkudQPA=mo","Bagun","5","0","2.24.8.85","2024-04-28 15:50:55","","","2.24.8.85"
"1b5df9e5-77f2-4c79-a990-e1784bf3ecc0","Feby Febby","https://play-lh.googleusercontent.com/a/ACg8ocL2sV9YirD4XQDtQLqMG22JYlXLPlZCNHhReBbTEO9yhudMbA=mo","Mantap","5","0","2.23.10.77","2024-04-28 15:50:30","","","2.23.10.77"
"7bcf9cc1-0540-44c0-83bd-0efe7909df5f","Eko Eko","https://play-lh.googleusercontent.com/a/ACg8ocJaKv6IK--0rum5n94pJgceT4mff5CepCLzbsY67843XBPPXQ=mo","Bagus","3","0","2.24.6.77","2024-04-28 15:50:07","","","2.24.6.77"
"47fb8da2-e9c6-45c0-a9b1-dd9f28cd61cf","Dirun Hsb","https://play-lh.googleusercontent.com/a/ACg8ocL4ow787rxTZVR46G4WyPSumV9G6NobNXtIelj7ezVcR2VCxw=mo","Aplikasi yang sangat bagus??","5","0","2.24.8.85","2024-04-28 15:49:27","","","2.24.8.85"
"3b9cf026-718e-456b-b3c8-a29daf28fd2d","Azizzah Gadis","https://play-lh.googleusercontent.com/a/ACg8ocInJnP92v1YsL83yw0LZPtI4lMiKQKbyceu1Uh_r5EuXJAFZw=mo","mantap bgt","5","0","2.24.2.76","2024-04-28 15:48:22","","","2.24.2.76"
"da94150c-7df0-4a97-a5b7-a894f6383d0b","Ester","https://play-lh.googleusercontent.com/a/ACg8ocJ_HBOFxvK9c4G9Qzx9hh9uYbHn_Q5ObDMdV9DxhVzH20mrCA=mo","Baru dontlot","5","0","2.24.6.77","2024-04-28 15:47:49","","","2.24.6.77"
"6edadfc1-8fbd-4cac-9361-9f26612b8eda","Afrizal ardi","https://play-lh.googleusercontent.com/a-/ALV-UjUNIvN3ak6AbR9wImq8CLNrJ4iGCU_lmIVXwvh7s_iKEbFerdE","Suka","5","0","2.24.3.81","2024-04-28 15:47:33","","","2.24.3.81"
"8e0ecd1e-3413-4439-9137-4d6eec6dea98","Dunia Fifmob","https://play-lh.googleusercontent.com/a-/ALV-UjX0PyN9_vJJ0enSK60lA4J000nZUfWf-dgYGgEhraiy4Gaal5jB","Aplikasi jelek","1","0","","2024-04-28 15:42:28","","",""
"c71adac9-cfd6-416e-9bf1-d63479f8fe6e","Ali Mahmudi","https://play-lh.googleusercontent.com/a/ACg8ocLZVbV8WM-yeSO4fuqtvXwdd1l0zPTFA5vT793IaZKCp0ZDsw=mo","Bintang 5 mudah mudahan wa sy ke buka","5","1","2.23.25.83","2024-04-28 15:41:31","","","2.23.25.83"
"b4840b7a-c54c-40be-abf2-b1b8d0088872","Eky Agusta","https://play-lh.googleusercontent.com/a/ACg8ocK_rVo6pYNhqdlRnw4nLjUDu0U29Q4oSBsVv-AF4O8oAqNMcwY=mo","Tolong keamanan nya.di ketat kan lagi ya,masalah nya saya sering di spam","4","0","","2024-04-28 15:41:28","","",""
"d3b31195-a7e2-4141-81ee-9416e8019dfd","ƒê√åM≈§ ƒÜ√ùB3≈ò","https://play-lh.googleusercontent.com/a-/ALV-UjUPSz3MoFEAMjyFOchEnHryK15ZqSu0LX6nvT0YFoGsTlEOwp4q","Yaelah anjjjj wa mod emang uda ga bisa cuma backup data anjjjj masa perkara mencet jangan pernah cadangkan chat langsung ilang gitu aja backup data nya","1","0","2.24.8.85","2024-04-28 15:40:50","","","2.24.8.85"
"0415c1f3-56bf-4c75-ba72-76b054df02c6","Susi Susi","https://play-lh.googleusercontent.com/a/ACg8ocKKt5J0ALl6UM-KXjkyyXdgtSvsw49y7L3VgXhmuNG93w3u9g=mo","Sangat membantu","5","0","2.24.8.85","2024-04-28 15:40:21","","","2.24.8.85"
"499ed6b6-1e9d-443a-93c9-7a04eafc6686","Ipeng Saputra","https://play-lh.googleusercontent.com/a/ACg8ocJnKxipsfk6rs2DV0fF3fS6r2eoyi0RDPxdvBmtgu1TMVLFnQ=mo","tinju","5","0","2.24.8.85","2024-04-28 15:40:00","","","2.24.8.85"
"dde08b63-99d2-49ac-bc4e-38e6bea81a3f","Supriyanto","https://play-lh.googleusercontent.com/a-/ALV-UjXYVZHVn-fiagz2zgI5j3FXHwr1X_f4dUlEJKfUdxQwaKfCk_ceBw","Baguslah durasi video status sudah ditamba jadi 60 dtk. Tapi sayang kualitas story/status masih buruk, buruk sekali. Dibuat HD dorong...","4","19","2.24.8.85","2024-04-28 15:39:55","","","2.24.8.85"
"1006eb86-e56e-4654-8ced-8d4de0a45b6f","Bunga Aja","https://play-lh.googleusercontent.com/a/ACg8ocKzfZOpM31tyAY9mnH1rubtDD6HhQfllMavZlgyCt_wwfqjQQ=mo","Baguss bgt tapiii knpa yah wa saya ke blokir semua dan udah di buka malah ke blokir lagi ada mslh apa gmnaa","1","0","","2024-04-28 15:38:29","","",""
"7626e428-9143-4b48-8120-fe5a4895beb0","Kevin","https://play-lh.googleusercontent.com/a/ACg8ocL4QoAtaRr120s0-8O-1JqQq0Zb9sqActekIL5mU_107Jki1g=mo","Senang dengan aplikasi ini","5","0","2.24.8.85","2024-04-28 15:37:57","","","2.24.8.85"
"6658f39e-ad45-45ed-840d-865ff28dd5c3","Jamalluddin Jamal","https://play-lh.googleusercontent.com/a/ACg8ocLYFh_CU3PY2Ihoo8ZIetW6ykN2SDEdL7tVeyJeRuk6XYMG8w=mo","Ok","5","0","","2024-04-28 15:37:14","","",""
"fb9879af-d18a-41e1-bffc-b4ad0997c5a0","Sukendar caenel situs tugu gede cengkuk","https://play-lh.googleusercontent.com/a-/ALV-UjVYs3WFAeiDbq0beOAlexSpIUqVSf0R3IAMChcRJFey0Fk3VME","Sangat baik","5","0","2.24.5.76","2024-04-28 15:36:37","","","2.24.5.76"
"b471cd2b-cac6-4dda-b539-a1999b284713","Yuni Arsih","https://play-lh.googleusercontent.com/a-/ALV-UjVqvNf7QM4hwx8GCvgLDzm15vUgr910QsJNT5cgDitLWpopwb9t","Ok","5","0","2.24.8.85","2024-04-28 15:36:11","","","2.24.8.85"
"658356c2-2f1d-4c19-abb8-26c0e5b8f11a","Darul Fasya","https://play-lh.googleusercontent.com/a/ACg8ocJJWbdmPRIIRnr9rDHrpyPFwn43ujqZpyJyEGYZvUPSP5I3qA=mo","Bagus","5","0","2.24.8.85","2024-04-28 15:32:49","","","2.24.8.85"
"06b20745-aaee-41f9-92fd-54158ee1d0f8","Ondi Ungkul","https://play-lh.googleusercontent.com/a/ACg8ocKP11c-Nq0M0K_p_N5RmiivO6wESZwuwg_VlBBokNX2HgzgXw=mo","sangat bisa membatu komunikasi","4","0","2.24.8.85","2024-04-28 15:32:47","","","2.24.8.85"
"4faf09fb-7acd-472a-990e-f6207dd09cdd","Mass Ded","https://play-lh.googleusercontent.com/a-/ALV-UjXYJcHI9gNl_HFwSVtlKCl58OQq5iF4FH0xGkGAgbCaJ2Z5TRw","Makin aneh "" WhatsApp sekarang masak tiba-tiba kek di Ben gitu wa ku ada"" aja","1","0","2.24.8.85","2024-04-28 15:32:46","","","2.24.8.85"
"3ea5fac5-9188-48bd-9fc7-b55c961fb549","Firman Adi Wiyoga","https://play-lh.googleusercontent.com/a/ACg8ocKGt57YgU_cb3cWMm0Qe_czw9AoSKJdu7uC_COzjg-log7_PQ=mo","Tidak bisa milih custom interface. Akan sangat jelek menyamakan tampilan dg versi iphone. Terlebih lagi UI yang terkesan males","1","0","2.24.6.77","2024-04-28 15:32:38","","","2.24.6.77"
"4f0852ca-4a46-45db-b76f-e36373026cd5","Auri","https://play-lh.googleusercontent.com/a-/ALV-UjWu5LcNvvGOSIW55XCOlAaSxAq-w2Az8APPlw24SBJ9icF1zLVn","Sekarang kok wa banyak bug sama sering error?? Padahal selalu update,bersihin cache,penyimpanan juga masih ada banyak. Selain itu juga setiap bikin sw vidio/foto pasti yg tadinya HD jadi ga HD.","1","11","2.24.8.85","2024-04-28 15:32:04","","","2.24.8.85"
"7c3678be-d27a-4821-8bb2-d49ab0ba96a7","Muhammad Irvan","https://play-lh.googleusercontent.com/a/ACg8ocLkvUPLFOd57z-wvyBKL8vC4oD-2iJ-KLvhbwv5q00scuBwpw=mo","woii samlekom. tolong admin WhatsApp, balikin emot vesmett kuningnya yaaa, tolong banget minta tolong balikin emot vesmet kuning, jangan biru gitu jelek. ceweku maunya vesmet yang kuningg, bukan biru jelek. nanti kalo sudah balikin jadi kuning aku ratt 5 bintang, oke trima suwun WhatsApp","1","0","","2024-04-28 15:31:21","","",""
"3a812337-08cf-4a39-a2ae-5e9673bc545d","Yayanagus Agus","https://play-lh.googleusercontent.com/a/ACg8ocJ5-LkD3xoeCmFUf-C52ofZCejmYgZE1SIvYU_JapvVq0CQ7A=mo","Bagus","5","0","2.24.8.85","2024-04-28 15:31:02","","","2.24.8.85"
"db38ab7b-261d-4526-8b70-72c60af2b4af","Vherdy Michael","https://play-lh.googleusercontent.com/a-/ALV-UjXDbdAzQ9CoRE5HQ7uOwajvDdLEoKEQIyd_dX5SC7l46yUt5Hex","Mantap","5","0","2.24.8.85","2024-04-28 15:30:23","","","2.24.8.85"
"fd82e239-1200-4b33-99bb-9d529361a237","Pengguna Google","https://play-lh.googleusercontent.com/EGemoI2NTXmTsBVtJqk8jxF9rh8ApRWfsIMQSt2uE4OcpQqbFu7f7NbTK05lx80nuSijCz7sc3a277R67g","Great. Excellent. Good!!!","2","0","2.24.8.85","2024-04-28 15:29:30","","","2.24.8.85"
"dd6bc554-ff52-4411-b991-0c2f53a648eb","Sumarno","https://play-lh.googleusercontent.com/a/ACg8ocK2f1WkmAnfeq7r5q98nO7X-ctW9ZQCYXBDmzbm5-rtaNZQ3Q=mo","Ok","5","0","2.24.8.85","2024-04-28 15:29:02","","","2.24.8.85"
"60e762cc-f70b-4225-bfa0-ff172e777a69","Wii Yeager","https://play-lh.googleusercontent.com/a-/ALV-UjX07aV3DOWFKvDy3Y-hIWYF4bfIFCvlP0m0_och00W3GQ-cOn45","oi saya tidak melanggar peraturan tapi kenapa saya terkena blokir terus )","5","0","2.23.3.77","2024-04-28 15:27:08","","","2.23.3.77"
"cf4c42d4-9bf3-4250-bdda-963f366a3c4c","Gian To","https://play-lh.googleusercontent.com/a/ACg8ocKdqWiYqC-mI9O8YqyH0kKVdngiNkm9cWVxn8lRv8CcYZ4NVQ=mo","Baik dan terima kasih wa","5","0","2.24.9.15","2024-04-28 15:26:38","","","2.24.9.15"
"1597d320-1546-4d0b-8cb1-f5ae6562778c","Refiansyah","https://play-lh.googleusercontent.com/a-/ALV-UjUPMvmgNhYysbGRvCxf9lJoMw05_Ki3Vs6CiOykTgd215Cf-IiS","Tidak Bisa dicadangkan, gagal Tidak ada solusi","1","0","2.24.8.85","2024-04-28 15:26:14","","","2.24.8.85"
"876bd477-0ee7-41de-9176-18efbd94e3d6","Aak Abang","https://play-lh.googleusercontent.com/a/ACg8ocI_fIDrEbEqvKePKi-bDcD4J0cC-Bxc-ATLawvfMK9NcAvrMw=mo","I love you","5","0","2.24.8.85","2024-04-28 15:24:59","","","2.24.8.85"
"fd13e24d-9940-47e3-8428-755722e67b80","Mamae Rehan","https://play-lh.googleusercontent.com/a/ACg8ocJmG4ewiIYSzv6p5nGHaZtvvw0iQ2VrjUnqTfIpwQeAC_-eEQ=mo","Kalo aplikasi tidak online/ dibuka,pesan dan panggilan tidak masuk","4","0","2.22.7.74","2024-04-28 15:24:48","","","2.22.7.74"
"881d4904-39f1-49b5-9567-d12f23530323","Sukron Sukron","https://play-lh.googleusercontent.com/a/ACg8ocJP_MyTIZfeGJh7_xEIGBEpIR6vQ--pvMFMd_9TtaJARc0-7A=mo","Gk tau","5","0","2.24.8.85","2024-04-28 15:24:15","","","2.24.8.85"
"03e44fe3-ce9c-4cd9-8b86-44cafb5a7585","wahyu Hidayat","https://play-lh.googleusercontent.com/a/ACg8ocJ1gJzylt6L6Hv8JUk3WQe5_R80adeV2NyD8Y0IMR1vsuDS4A=mo","Apaan ji apk ngelag mulu padahal jaringan bagus,","1","0","2.24.8.85","2024-04-28 15:24:13","","","2.24.8.85"
"57d3d5bc-82b0-4700-a52e-67c8f745099f","Jos Rubun","https://play-lh.googleusercontent.com/a/ACg8ocIME2QE6mG2P-Ru_k4OoRgq7SCd8tTAm52smXv5423ZlDQAtg=mo","Bagus","5","0","","2024-04-28 15:22:24","","",""
"290a5720-1fa2-4f22-ad3d-20fb056fc919","anggun wulandari","https://play-lh.googleusercontent.com/a/ACg8ocJ1xShYYHlU3X65GXW1zBNdTlM8WGXBmHPT9e6UZUr6QryGwQ=mo","Bagus untk sarana meng ungkapkan keluarga","4","0","2.24.8.85","2024-04-28 15:22:05","","","2.24.8.85"
"8fb5a772-de33-479e-9336-3c3a02f9491d","Muhammad Zhein","https://play-lh.googleusercontent.com/a-/ALV-UjWJwRgfOjxoSZSzJRqsFGOH98wEWIqQENSIB_x_27bCs0M6501b","Toppp","5","0","2.24.6.77","2024-04-28 15:22:00","","","2.24.6.77"
"ce9f7260-4f3a-4da7-b755-a1984951ce97","Anggit Dani Pratama","https://play-lh.googleusercontent.com/a/ACg8ocL_2SxTgO23xjSGeyADUQ-9eBx62lspxqMx3fH0y0X0SbIxYg=mo","Sw jadi burik gak jelas","1","0","","2024-04-28 15:21:37","","",""
"78af6f71-09ae-40b4-8562-35302a67c0d9","Muhamad Malik Fahad","https://play-lh.googleusercontent.com/a/ACg8ocKIHASEJOczX4vsNxhP01Epxqdn6C6Q3EJH3V9MMN_GhOCw1g=mo","Tolong diperbaiki untuk posting status di hp android kok hasil foto/video statusnya jadi pecah/ kualitas gambarnya jelek","3","0","2.24.6.77","2024-04-28 15:20:43","","","2.24.6.77"
"5bd39943-e772-458a-bc3b-c9f5b8f9d079","K Tok","https://play-lh.googleusercontent.com/a/ACg8ocLgJ8He2UAl3hakRiIx-9hGoQ9rdL974VJJlhjDq5m5aLYwRg=mo","Apk gajelas apk bikin asing","1","0","2.24.8.85","2024-04-28 15:20:15","","","2.24.8.85"
"df90fc16-6c59-4b21-b639-dd3e742dfcc6","Asrul Rangga","https://play-lh.googleusercontent.com/a/ACg8ocLMuuCZFBjx0uV9Phmu154NFjqkQhXB9r2Jffd5XPrXeRVxPw=mo","Rangg Asru","5","0","2.24.8.85","2024-04-28 15:19:57","","","2.24.8.85"
"fe8db63b-7994-4cc7-9562-ff64acdb654f","Joni Sujono","https://play-lh.googleusercontent.com/a/ACg8ocJYJnweIaIEEXGFD1n0K3KA8xACVt1dLCSpdKUs3Rn245aSYQ=mo","Salamsilathurhohimnya dari pecinta mesjid Mksih OPA KMG komunitas mesjid garut","5","0","2.24.7.81","2024-04-28 15:19:30","","","2.24.7.81"
"29fd09f0-05e0-4595-8bab-c929d4e0e9f3","„Ç¢„Éº„Éã„É£","https://play-lh.googleusercontent.com/a-/ALV-UjVAnF4UJrvUlGRcDkEu0aEGZaq4IHpLRyCYictwMicXW2My5D9r","Bnyk bug asu","1","0","2.24.8.85","2024-04-28 15:19:21","","","2.24.8.85"
"6f5ffc8c-44a7-46ce-b5d2-cefb1fc88e78","Merba Suropramesti","https://play-lh.googleusercontent.com/a/ACg8ocL-VQ3_qVfB63X4WbvUQ_SGutrmvJpD91KUSXvBgxnwYNXybQ=mo","Bgus","5","0","2.24.7.81","2024-04-28 15:19:19","","","2.24.7.81"
"b00566f0-0a02-4345-88c8-a39751a8f908","Ami Santaya","https://play-lh.googleusercontent.com/a-/ALV-UjXdIAGEl8AJM9HNegqT2Or_h2hIz39U8bC7-CPixLOvLCBr9GK5","Knp ko makin kesini makin gk bagus upload video jadi blur..terlalu ijo banget sekarang","4","0","2.24.8.85","2024-04-28 15:16:30","","","2.24.8.85"
"a8d831fd-d5cb-4244-8b58-c69c21bd7f13","Poer Temon","https://play-lh.googleusercontent.com/a/ACg8ocIfbNnktJbBdwBM_YVWo_O86jtYbyzpn61sBRxthn96HOAm9Q=mo","Kenapa kok tiba2 ke spam wa saya??","3","0","2.24.8.85","2024-04-28 15:15:04","","","2.24.8.85"
"523d0bfb-d4e1-424b-a93f-4ad7a97f6208","Yudi Mulyani","https://play-lh.googleusercontent.com/a-/ALV-UjVhmIY3QTs2YAgUp4VLUNgEBSf6NRT4VExw9lK5TK0NYSnxGzBd","Cara memulihkan wa kena spam","5","0","2.24.8.85","2024-04-28 15:14:48","","","2.24.8.85"
"11653d2c-2bca-482c-9be7-4294fcc6a27a","Sumarno Nano","https://play-lh.googleusercontent.com/a-/ALV-UjVhFM7Or4W31xv9jrAwBy6rRAtcDrpiapXqnFDPBj0HDNsEOKI","Oke","5","0","2.24.8.85","2024-04-28 15:14:37","","","2.24.8.85"
"23fe3cee-57a4-4278-ae6a-3602689a5163","Azwa Birin22","https://play-lh.googleusercontent.com/a-/ALV-UjVOVNCOBWrbfOI96Bsv8CDOvkjDSz_0XS60P6OijHV1ogrBeXuG","Setelah pembaharuan tidak ada info waktu di story kontak.. Parah benar","1","0","2.24.8.85","2024-04-28 15:14:17","","","2.24.8.85"
"f01c3934-831e-421d-9e98-59bd7ac4092a","Siti Aisyah","https://play-lh.googleusercontent.com/a/ACg8ocJdoqlSbzotcu47zIn969dYT_1KYYTlk5FRR_ib8oIgCZjk1A=mo","Beri rating aplikasi ini","4","0","2.24.8.85","2024-04-28 15:14:13","","","2.24.8.85"
"d81f1b27-bdc8-4165-a9d6-a49839720cea","Suparid 2803","https://play-lh.googleusercontent.com/a-/ALV-UjUgqf6rmx6iftQnRIU5kZrEHs1W6bBog7poliPNbp-b6JolnP37","Untuk pihak WhatsApp yang tidak saya hormati sama sekali, kalau pihak kalian tidak bisa membuat WhatsApp resmi menjadi lebih baik dan tidak bisa mengembangkan fitur fiturnya. Setidaknya kalian jangan banned para pengguna WhatsApp Mod. Karena kami nyaman menggunakan WhatsApp Mod, dengan beribu-ribu fitur gratis yang TIDAK BISA KAMI DAPATKAN DI APLIKASI WHATSAPP RESMI KALIAN. Alasannya kalian membanned Aplikasi WhatsApp Mod, karena KALIAN TAKUT TERSAINGI DAN TAKUT WHATSAPP RESMI TIDAK LAKU.BETUL ?","1","0","2.24.8.85","2024-04-28 15:12:34","","","2.24.8.85"
"8a3027d7-1397-4ee4-b205-34ac8f043c8e","Ridwan Hajoo","https://play-lh.googleusercontent.com/a/ACg8ocJPeEJL42E88EijOACSfIfcUnZsAgpBfSwjkT93Zwk3rOlY3w=mo","Sangat membantu","5","0","","2024-04-28 15:11:53","","",""
"f4cec46a-be4c-4f1c-b929-8e13a65ae06f","adityaa flvv","https://play-lh.googleusercontent.com/a-/ALV-UjUzUqvr1G9tRn239HPY9ReO0T_C0QT3CIvjHOpZJEimzChgt5zD","Semakin kesini semakin canggih desain tapi buruk sekali di bagian telfon/message,sering terjadi lag saat telfon/vc,kadang juga wa paksa berhenti padahal hp support,buka semua aplikasi lancar semua tapi kalo wa pasti lag tolong development nya dong..","1","0","2.24.8.85","2024-04-28 15:10:56","","","2.24.8.85"
"1c26e8f9-67c4-4dd7-b2b3-f6f1c951f50d","Putra Kembar","https://play-lh.googleusercontent.com/a-/ALV-UjVaIZltifbkZDqHe7M8-Vof_SDWlYWg3ngNih5dtYBHEt1uiwSW","Mantab","5","0","2.24.8.85","2024-04-28 15:10:24","","","2.24.8.85"
